{
  "customers": [
    {
      "email": "john.customer@email.com",
      "password": "pass123",
      "fullName": "John Doe",
      "phoneNumber": "+63-912-345-6789",
      "userType": "CUSTOMER",
      "address": "123 Main Street",
      "city": "Manila",
      "isActive": true
    },
    {
      "email": "jane.customer@email.com",
      "password": "pass123",
      "fullName": "Jane Smith",
      "phoneNumber": "+63-912-987-6543",
      "userType": "CUSTOMER",
      "address": "456 Oak Avenue",
      "city": "Cebu",
      "isActive": true
    },
    {
      "email": "robert.customer@email.com",
      "password": "pass123",
      "fullName": "Robert Johnson",
      "phoneNumber": "+63-912-555-5555",
      "userType": "CUSTOMER",
      "address": "789 Pine Road",
      "city": "Davao",
      "isActive": true
    }
  ],

  "hotelOwners": [
    {
      "email": "owner1@email.com",
      "password": "owner123",
      "fullName": "Maria Garcia",
      "phoneNumber": "+63-912-444-4444",
      "userType": "HOTELOWNER",
      "businessName": "Garcia Hospitality Group",
      "businessRegistrationNumber": "REG-2024-001",
      "isActive": true
    },
    {
      "email": "owner2@email.com",
      "password": "owner123",
      "fullName": "Antonio Lopez",
      "phoneNumber": "+63-912-666-6666",
      "userType": "HOTELOWNER",
      "businessName": "Lopez Hotels Corporation",
      "businessRegistrationNumber": "REG-2024-002",
      "isActive": true
    }
  ],

  "admins": [
    {
      "email": "admin@perfectstay.com",
      "password": "admin123",
      "fullName": "Admin User",
      "phoneNumber": "+63-912-111-1111",
      "userType": "ADMIN",
      "adminRole": "SUPER_ADMIN",
      "notes": "Main system administrator",
      "isActive": true
    }
  ],

  "hotels": [
    {
      "name": "Grand Manila Hotel",
      "description": "5-star luxury hotel in the heart of Manila",
      "address": "1st Avenue, Makati",
      "city": "Manila",
      "country": "Philippines",
      "rating": 4.8,
      "hotelOwnerEmail": "owner1@email.com"
    },
    {
      "name": "Cebu Beach Resort",
      "description": "Beachfront resort with stunning ocean views",
      "address": "Mactan Island",
      "city": "Cebu",
      "country": "Philippines",
      "rating": 4.6,
      "hotelOwnerEmail": "owner2@email.com"
    },
    {
      "name": "Davao Paradise Inn",
      "description": "Cozy hotel near Davao City center",
      "address": "Rizal Street",
      "city": "Davao",
      "country": "Philippines",
      "rating": 4.3,
      "hotelOwnerEmail": "owner1@email.com"
    }
  ],

  "rooms": [
    {
      "roomNumber": "101",
      "roomType": "Single",
      "description": "Comfortable single room with city view",
      "pricePerNight": 2500,
      "capacity": 1,
      "isAvailable": true,
      "hotelName": "Grand Manila Hotel"
    },
    {
      "roomNumber": "102",
      "roomType": "Double",
      "description": "Spacious double room with premium amenities",
      "pricePerNight": 4500,
      "capacity": 2,
      "isAvailable": true,
      "hotelName": "Grand Manila Hotel"
    },
    {
      "roomNumber": "103",
      "roomType": "Suite",
      "description": "Luxury suite with jacuzzi and balcony",
      "pricePerNight": 7500,
      "capacity": 4,
      "isAvailable": false,
      "hotelName": "Grand Manila Hotel"
    },
    {
      "roomNumber": "201",
      "roomType": "Single",
      "description": "Beach view single room",
      "pricePerNight": 3000,
      "capacity": 1,
      "isAvailable": true,
      "hotelName": "Cebu Beach Resort"
    },
    {
      "roomNumber": "202",
      "roomType": "Double",
      "description": "Beach view double room with direct pool access",
      "pricePerNight": 5500,
      "capacity": 2,
      "isAvailable": true,
      "hotelName": "Cebu Beach Resort"
    },
    {
      "roomNumber": "301",
      "roomType": "Single",
      "description": "Standard single room",
      "pricePerNight": 1800,
      "capacity": 1,
      "isAvailable": true,
      "hotelName": "Davao Paradise Inn"
    },
    {
      "roomNumber": "302",
      "roomType": "Double",
      "description": "Comfortable double room",
      "pricePerNight": 3200,
      "capacity": 2,
      "isAvailable": true,
      "hotelName": "Davao Paradise Inn"
    }
  ],

  "bookings": [
    {
      "checkInDate": "2024-02-10",
      "checkOutDate": "2024-02-12",
      "totalPrice": 9000,
      "status": "CONFIRMED",
      "customerEmail": "john.customer@email.com",
      "roomNumber": "101"
    },
    {
      "checkInDate": "2024-02-15",
      "checkOutDate": "2024-02-17",
      "totalPrice": 13500,
      "status": "CONFIRMED",
      "customerEmail": "jane.customer@email.com",
      "roomNumber": "102"
    },
    {
      "checkInDate": "2024-02-20",
      "checkOutDate": "2024-02-22",
      "totalPrice": 6000,
      "status": "PENDING",
      "customerEmail": "robert.customer@email.com",
      "roomNumber": "201"
    }
  ],

  "paymentMethods": [
    {
      "type": "CREDIT_CARD",
      "last4Digits": "1234",
      "holderName": "John Doe",
      "expiryDate": "12/26",
      "isDefault": true,
      "isActive": true,
      "customerEmail": "john.customer@email.com"
    },
    {
      "type": "DEBIT_CARD",
      "last4Digits": "5678",
      "holderName": "Jane Smith",
      "expiryDate": "08/25",
      "isDefault": true,
      "isActive": true,
      "customerEmail": "jane.customer@email.com"
    },
    {
      "type": "GCASH",
      "holderName": "Robert Johnson",
      "gcashPhoneNumber": "+63-912-555-5555",
      "isDefault": true,
      "isActive": true,
      "customerEmail": "robert.customer@email.com"
    }
  ],

  "payments": [
    {
      "amount": 9000,
      "paymentStatus": "COMPLETED",
      "transactionId": "TXN-2024-001",
      "bookingReference": 1
    },
    {
      "amount": 13500,
      "paymentStatus": "COMPLETED",
      "transactionId": "TXN-2024-002",
      "bookingReference": 2
    },
    {
      "amount": 6000,
      "paymentStatus": "PENDING",
      "transactionId": "TXN-2024-003",
      "bookingReference": 3
    }
  ],

  "reviews": [
    {
      "rating": 5,
      "comment": "Amazing hotel! Great service and comfortable rooms.",
      "customerEmail": "john.customer@email.com",
      "hotelName": "Grand Manila Hotel"
    },
    {
      "rating": 4,
      "comment": "Beautiful beach resort. Food was excellent.",
      "customerEmail": "jane.customer@email.com",
      "hotelName": "Cebu Beach Resort"
    },
    {
      "rating": 5,
      "comment": "Best vacation ever! Will definitely come back.",
      "customerEmail": "robert.customer@email.com",
      "hotelName": "Cebu Beach Resort"
    }
  ]
}